{"cameraMode":{"drawMode":0,"name":"Shaded","section":"Shading Mode"},"sceneLighting":true,"audioPlay":false,"sceneViewState":{"m_AlwaysRefresh":false,"showFog":true,"showSkybox":true,"showFlares":true,"showImageEffects":true,"showParticleSystems":true,"showVisualEffectGraphs":true,"m_FxEnabled":true},"in2DMode":false,"pivot":{"x":0.29672300815582278,"y":3.832152843475342,"z":-2.4739394187927248},"rotation":{"x":0.3651089668273926,"y":-0.020271209999918939,"z":0.008176956325769425,"w":0.9307987689971924},"size":2.7220919132232668,"orthographic":false}