{"cameraMode":{"drawMode":0,"name":"Shaded","section":"Shading Mode"},"sceneLighting":true,"audioPlay":false,"sceneViewState":{"m_AlwaysRefresh":false,"showFog":true,"showSkybox":true,"showFlares":true,"showImageEffects":true,"showParticleSystems":true,"showVisualEffectGraphs":true,"m_FxEnabled":true},"in2DMode":false,"pivot":{"x":-7.843544960021973,"y":-8.555514335632325,"z":7.856573104858398},"rotation":{"x":-0.3971022367477417,"y":-0.00012425592285580933,"z":-0.0001605839643161744,"w":-0.9178774952888489},"size":41.30888366699219,"orthographic":false}