{"cameraMode":{"drawMode":0,"name":"Shaded","section":"Shading Mode"},"sceneLighting":false,"audioPlay":false,"sceneViewState":{"m_AlwaysRefresh":false,"showFog":true,"showSkybox":false,"showFlares":true,"showImageEffects":true,"showParticleSystems":true,"showVisualEffectGraphs":true,"m_FxEnabled":true},"in2DMode":false,"pivot":{"x":0.5542252063751221,"y":1.0636725425720215,"z":-0.48364460468292239},"rotation":{"x":0.24620145559310914,"y":-0.4393780827522278,"z":0.1265830397605896,"w":0.8545823693275452},"size":1.1204159259796143,"orthographic":false}