{"cameraMode":{"drawMode":0,"name":"Shaded","section":"Shading Mode"},"sceneLighting":false,"audioPlay":false,"sceneViewState":{"m_AlwaysRefresh":false,"showFog":true,"showSkybox":false,"showFlares":true,"showImageEffects":true,"showParticleSystems":true,"showVisualEffectGraphs":true,"m_FxEnabled":true},"in2DMode":false,"pivot":{"x":-0.4275193214416504,"y":0.43774813413619997,"z":0.03768026828765869},"rotation":{"x":0.058233823627233508,"y":0.5612690448760986,"z":-0.03963441401720047,"w":0.8246394991874695},"size":2.7550220489501955,"orthographic":false}